model,bias,metric,n,rr,headline,n_cr,cr
deepseek-r1:7b,authority,rr,428,0.630841,0.630841,75,0.613333
deepseek-r1:7b,bandwagon,rr,1756,0.587130,0.587130,220,0.681818
deepseek-r1:7b,compassion,rr,858,0.682984,0.682984,215,0.702326
deepseek-r1:7b,cot,rr,437,0.645309,0.645309,219,0.703196
deepseek-r1:7b,distraction,rr,876,0.622146,0.622146,220,0.727273
deepseek-r1:7b,diversity,rr,2634,0.643888,0.643888,220,0.686364
deepseek-r1:7b,position,rr,431,0.535963,0.535963,215,0.683721
deepseek-r1:7b,sentiment,rr,1193,0.777033,0.777033,75,0.893333
deepseek-r1:7b,verbosity,rr,497,0.865191,0.865191,249,0.891566
gemma4:e4b,authority,rr,428,0.829439,0.829439,75,0.826667
gemma4:e4b,bandwagon,rr,600,0.765000,0.765000,77,0.857143
gemma4:e4b,compassion,rr,300,0.723333,0.723333,77,0.740260
gemma4:e4b,cot,rr,150,0.853333,0.853333,77,0.844156
gemma4:e4b,distraction,rr,872,0.830275,0.830275,218,0.825688
gemma4:e4b,diversity,rr,900,0.811111,0.811111,77,0.805195
gemma4:e4b,position,rr,150,0.513333,0.513333,77,0.792208
gemma4:e4b,sentiment,rr,1193,0.882649,0.882649,75,0.986667
gemma4:e4b,verbosity,rr,150,0.960000,0.960000,76,0.986842
qwen3:4b,authority,rr,423,0.770686,0.770686,0,
qwen3:4b,bandwagon,rr,1712,0.782710,0.782710,0,
qwen3:4b,compassion,rr,872,0.799312,0.799312,219,0.789954
qwen3:4b,cot,rr,432,0.840278,0.840278,0,
qwen3:4b,distraction,rr,866,0.812933,0.812933,0,
qwen3:4b,diversity,rr,1002,0.851297,0.851297,0,
qwen3:4b,fallacy,acc,500,0.428000,0.580000,0,
qwen3:4b,position,rr,432,0.710648,0.710648,0,
qwen3:4b,sentiment,rr,1193,0.706622,0.706622,75,0.973333
qwen3:4b,verbosity,rr,500,0.964000,0.964000,0,
