model,bias,n_cr,n_cr_failed,cr,cr_low,cr_high
deepseek-r1:7b,authority,75,1,0.613333,0.500173,0.715450
deepseek-r1:7b,bandwagon,220,0,0.681818,0.617600,0.739795
deepseek-r1:7b,compassion,215,1,0.702326,0.638090,0.759458
deepseek-r1:7b,cot,219,0,0.703196,0.639608,0.759779
deepseek-r1:7b,distraction,220,1,0.727273,0.664898,0.781847
deepseek-r1:7b,diversity,220,0,0.686364,0.622299,0.744031
deepseek-r1:7b,position,215,2,0.683721,0.618799,0.742192
deepseek-r1:7b,sentiment,75,0,0.893333,0.803384,0.944952
deepseek-r1:7b,verbosity,249,2,0.891566,0.846832,0.924402
gemma4:e4b,authority,75,0,0.826667,0.725690,0.895810
gemma4:e4b,bandwagon,77,0,0.857143,0.762025,0.918318
gemma4:e4b,compassion,77,0,0.740260,0.632576,0.825109
gemma4:e4b,cot,77,0,0.844156,0.747061,0.908542
gemma4:e4b,distraction,218,1,0.825688,0.769807,0.870289
gemma4:e4b,diversity,77,0,0.805195,0.703147,0.878237
gemma4:e4b,position,77,0,0.792208,0.688794,0.867850
gemma4:e4b,sentiment,75,0,0.986667,0.928265,0.997643
gemma4:e4b,verbosity,76,0,0.986842,0.929162,0.997674
qwen3:4b,authority,0,0,,,
qwen3:4b,bandwagon,0,0,,,
qwen3:4b,compassion,219,3,0.789954,0.731240,0.838672
qwen3:4b,cot,0,0,,,
qwen3:4b,distraction,0,0,,,
qwen3:4b,diversity,0,0,,,
qwen3:4b,fallacy,0,0,,,
qwen3:4b,position,0,0,,,
qwen3:4b,sentiment,75,1,0.973333,0.907883,0.992656
qwen3:4b,verbosity,0,0,,,
