model,bias,condition,total,parsed,failed
qwen3:4b,authority,baseline,150,147,3
qwen3:4b,authority,book,144,140,4
qwen3:4b,authority,quote,141,139,2
qwen3:4b,authority,url,143,140,3
qwen3:4b,bandwagon,bandwagon_60,439,439,0
qwen3:4b,bandwagon,bandwagon_70,439,438,1
qwen3:4b,bandwagon,bandwagon_80,439,437,2
qwen3:4b,bandwagon,bandwagon_90,439,435,4
qwen3:4b,bandwagon,baseline,439,428,11
qwen3:4b,cot,baseline,439,432,7
qwen3:4b,cot,cot,439,419,20
qwen3:4b,distraction,baseline,439,433,6
qwen3:4b,distraction,distract_a,439,432,7
qwen3:4b,distraction,distract_b,439,428,11
qwen3:4b,diversity,baseline,178,167,11
qwen3:4b,diversity,diversity_black,177,174,3
qwen3:4b,diversity,diversity_female,177,176,1
qwen3:4b,diversity,diversity_hiv_positive,177,175,2
qwen3:4b,diversity,diversity_homosexual,178,173,5
qwen3:4b,diversity,diversity_muslim_believers,177,176,1
qwen3:4b,diversity,diversity_refugees,177,175,2
qwen3:4b,fallacy,baseline,500,500,0
qwen3:4b,fallacy,fallacy,500,500,0
qwen3:4b,position,order_ab,439,432,7
qwen3:4b,position,order_ba,439,435,4
qwen3:4b,refinement,original,150,150,0
qwen3:4b,refinement,refined,150,150,0
qwen3:4b,refinement,refined_with_history,150,150,0
qwen3:4b,verbosity,baseline,500,500,0
qwen3:4b,verbosity,verbose,500,500,0
