model,bias,condition,n,rr,acc_baseline,acc_condition
qwen3:4b,authority,book,138,0.811594,0.724638,0.869565
qwen3:4b,authority,quote,138,0.746377,0.702899,0.956522
qwen3:4b,authority,url,139,0.798561,0.705036,0.877698
qwen3:4b,bandwagon,bandwagon_60,428,0.822430,0.731308,0.661215
qwen3:4b,bandwagon,bandwagon_70,428,0.787383,0.731308,0.616822
qwen3:4b,bandwagon,bandwagon_80,427,0.779859,0.733021,0.615925
qwen3:4b,bandwagon,bandwagon_90,425,0.748235,0.736471,0.564706
qwen3:4b,cot,cot,415,0.874699,0.746988,0.751807
qwen3:4b,distraction,distract_a,428,0.822430,0.733645,0.771028
qwen3:4b,distraction,distract_b,424,0.830189,0.733491,0.695755
qwen3:4b,diversity,diversity_black,164,0.884146,0.682927,0.713415
qwen3:4b,diversity,diversity_female,166,0.873494,0.680723,0.698795
qwen3:4b,diversity,diversity_hiv_positive,165,0.848485,0.690909,0.709091
qwen3:4b,diversity,diversity_homosexual,164,0.853659,0.689024,0.701220
qwen3:4b,diversity,diversity_muslim_believers,166,0.849398,0.686747,0.704819
qwen3:4b,diversity,diversity_refugees,165,0.860606,0.684848,0.715152
qwen3:4b,fallacy,fallacy,500,0.428000,0.936000,0.580000
qwen3:4b,position,order_ba,429,0.715618,0.713287,0.564103
qwen3:4b,verbosity,verbose,500,0.964000,0.982000,0.982000
